INSERT INTO "user" ("id", "name", "email", "organization", "title", "zoom_id", "bio") VALUES
    (1, 'John Doe', 'johndoe@example.com', 'Acme Inc', 'Software Engineer', 1001, 'John is a software engineer with 5 years of experience.'),
    (2, 'Jane Smith', 'janesmith@example.com', 'Tech Co', 'Product Manager', 1002, 'Jane is a product manager with a passion for innovation.'),
    (3, 'Michael Johnson', 'michaeljohnson@example.com', 'XYZ Corp', 'Data Analyst', 1003, 'Michael is a data analyst with expertise in data visualization.'),
    (4, 'Sarah Williams', 'sarahwilliams@example.com', 'ABC Ltd', 'Marketing Specialist', 1004, 'Sarah is a marketing specialist who loves creating engaging campaigns.'),
    (5, 'Robert Brown', 'robertbrown@example.com', 'Big Data Inc', 'Data Scientist', 1005, 'Robert is a data scientist working on machine learning projects.'),
    (6, 'Emily Davis', 'emilydavis@example.com', 'Startup X', 'UI/UX Designer', 1006, 'Emily is a UI/UX designer passionate about user-centered design.'),
    (7, 'David Wilson', 'davidwilson@example.com', 'Global Corp', 'Software Developer', 1007, 'David is a software developer focused on building robust applications.'),
    (8, 'Olivia Martinez', 'oliviamartinez@example.com', 'NewTech Solutions', 'Project Manager', 1008, 'Olivia is a project manager leading cross-functional teams.'),
    (9, 'William Anderson', 'williamanderson@example.com', 'MegaCorp', 'Data Engineer', 1009, 'William is a data engineer specializing in data pipelines.'),
    (10, 'Sophia Taylor', 'sophiataylor@example.com', 'Innovate Labs', 'UX Researcher', 1010, 'Sophia is a UX researcher who conducts user studies.'),
    (11, 'James Garcia', 'jamesgarcia@example.com', 'Creative Works', 'Graphic Designer', 1011, 'James is a graphic designer with a flair for creativity.'),
    (12, 'Emma Rodriguez', 'emmarodriguez@example.com', 'GlobalTech', 'Product Owner', 1012, 'Emma is a product owner defining product roadmaps.'),
    (13, 'Liam Martinez', 'liammartinez@example.com', 'DataTech Inc', 'Machine Learning Engineer', 1013, 'Liam is a machine learning engineer working on AI projects.'),
    (14, 'Olivia Davis', 'oliviadavis@example.com', 'WebSolutions', 'Front-End Developer', 1014, 'Olivia is a front-end developer passionate about web development.'),
    (15, 'Noah Johnson', 'noahjohnson@example.com', 'Cloud Innovations', 'Cloud Architect', 1015, 'Noah is a cloud architect designing scalable cloud solutions.'),
    (16, 'Ava Brown', 'avabrown@example.com', 'GreenTech', 'Environmental Scientist', 1016, 'Ava is an environmental scientist researching sustainability.'),
    (17, 'Liam Smith', 'liamsmith@example.com', 'HealthTech', 'Healthcare Analyst', 1017, 'Liam is a healthcare analyst analyzing health data.'),
    (18, 'Charlotte Lee', 'charlottelee@example.com', 'Media Corp', 'Content Writer', 1018, 'Charlotte is a content writer creating engaging articles.'),
    (19, 'Mason Wilson', 'masonwilson@example.com', 'FutureTech', 'Robotics Engineer', 1019, 'Mason is a robotics engineer working on autonomous robots.'),
    (20, 'Olivia Johnson', 'oliviajohnson@example.com', 'Data Insights', 'Data Scientist', 1020, 'Olivia is a data scientist extracting insights from data.'),
    (21, 'Elijah Brown', 'elijahbrown@example.com', 'SpaceTech', 'Space Engineer', 1021, 'Elijah is a space engineer working on space exploration.'),
    (22, 'Amelia Taylor', 'ameliataylor@example.com', 'Green Energy', 'Environmental Engineer', 1022, 'Amelia is an environmental engineer promoting green energy.'),
    (23, 'Oliver Davis', 'oliverdavis@example.com', 'EduTech', 'Teacher', 1023, 'Oliver is a teacher passionate about educating the next generation.'),
    (24, 'Isabella Garcia', 'isabellagarcia@example.com', 'Travel Co', 'Travel Consultant', 1024, 'Isabella is a travel consultant helping travelers plan their trips.'),
    (25, 'Mason Anderson', 'masonanderson@example.com', 'Data Insights', 'Data Analyst', 1025, 'Mason is a data analyst working with large datasets.'),
    (26, 'Emma Thomas', 'emmathomas@example.com', 'HealthTech', 'Healthcare Researcher', 1026, 'Emma is a healthcare researcher studying medical trends.'),
    (27, 'Lucas Johnson', 'lucasjohnson@example.com', 'Tech Innovations', 'Innovation Analyst', 1027, 'Lucas is an innovation analyst exploring new technologies.'),
    (28, 'Olivia Hernandez', 'oliviahernandez@example.com', 'GreenTech', 'Environmental Advocate', 1028, 'Olivia is an environmental advocate promoting sustainability.'),
    (29, 'Ethan Davis', 'ethandavis@example.com', 'Startup X', 'Software Developer', 1029, 'Ethan is a software developer building innovative applications.'),
    (30, 'Sophia Wilson', 'sophiawilson@example.com', 'Innovate Labs', 'UX Designer', 1030, 'Sophia is a UX designer focused on user-friendly interfaces.'),
    (31, 'Aiden Brown', 'aidenbrown@example.com', 'FutureTech', 'AI Engineer', 1031, 'Aiden is an AI engineer working on artificial intelligence projects.'),
    (32, 'Abigail Smith', 'abigailsmith@example.com', 'Global Corp', 'Marketing Manager', 1032, 'Abigail is a marketing manager driving marketing strategies.'),
    (33, 'Mason Davis', 'masondavis@example.com', 'WebSolutions', 'Web Developer', 1033, 'Mason is a web developer creating interactive websites.'),
    (34, 'Charlotte Garcia', 'charlottegarcia@example.com', 'Creative Works', 'Art Director', 1034, 'Charlotte is an art director overseeing creative projects.'),
    (35, 'Liam Thomas', 'liamthomas@example.com', 'Media Corp', 'Journalist', 1035, 'Liam is a journalist covering important news stories.'),
    (36, 'Emma Hernandez', 'emmahernandez@example.com', 'Cloud Innovations', 'Cloud Engineer', 1036, 'Emma is a cloud engineer managing cloud infrastructure.');

INSERT INTO "location" ("id", "name", "district_id") VALUES
    (1, 'Pinecrest Elementary', 123),
    (2, 'Maplewood Middle School', 456),
    (3, 'Green Valley High School', 789),
    (4, 'Sunset Elementary', 1001),
    (5, 'Riverside High School', 1500),
    (6, 'Hillside Middle School', 2000),
    (7, 'Springfield Elementary', 2500),
    (8, 'Brookside High School', 3000),
    (9, 'Meadowbrook Elementary', 3500),
    (10, 'Central Middle School', 4000),
    (11, 'Westwood High School', 4500),
    (12, 'Sycamore Elementary', 5000),
    (13, 'Cedar Ridge Middle School', 5500),
    (14, 'Hawthorne High School', 6000),
    (15, 'Pleasantview Elementary', 6500),
    (16, 'Elmwood Middle School', 7000),
    (17, 'Valley High School', 7500),
    (18, 'Woodland Elementary', 8000),
    (19, 'Meadowland Middle School', 8500),
    (20, 'Sunrise High School', 9000),
    (21, 'Hillcrest Elementary', 9500),
    (22, 'Maple Grove Middle School', 10000),
    (23, 'Ridgeview High School', 10500),
    (24, 'Pinebrook Elementary', 11000),
    (25, 'Hickory Ridge Middle School', 11500),
    (26, 'Greenwood High School', 12000),
    (27, 'Riverdale Elementary', 12500),
    (28, 'Valleyview Middle School', 13000),
    (29, 'Crestwood High School', 13500),
    (30, 'Lakeside Elementary', 14000),
    (31, 'Brookview Middle School', 14500),
    (32, 'Sunset High School', 15000),
    (33, 'Pleasantville Elementary', 15500),
    (34, 'Sunnydale Middle School', 16000),
    (35, 'Hilltop High School', 16500),
    (36, 'Oakwood Elementary', 17000),
    (37, 'Meadowbrook Middle School', 17500),
    (38, 'Springfield High School', 18000),
    (39, 'Riverside Elementary', 18500),
    (40, 'Bayside Middle School', 17600),
    (41, 'Hillside High School', 11500),
    (42, 'Central Elementary', 10006);

INSERT INTO "event" ("id", "name", "location_id", "class_dates") VALUES
    (1, 'Back to School Night', 1, ARRAY['2023-10-25'::DATE, '2023-10-26'::DATE, '2023-10-27'::DATE]),
    (2, 'Science Fair', 4, ARRAY['2023-10-28'::DATE, '2023-10-29'::DATE, '2023-10-30'::DATE, '2023-10-31'::DATE]),
    (3, 'Math Olympiad', 9, ARRAY['2023-11-01'::DATE, '2023-11-02'::DATE, '2023-11-03'::DATE, '2023-11-04'::DATE, '2023-11-05'::DATE]),
    (4, 'Art Exhibition', 16, ARRAY['2023-11-06'::DATE, '2023-11-07'::DATE, '2023-11-08'::DATE]),
    (5, 'Sports Day', 25, ARRAY['2023-11-09'::DATE, '2023-11-10'::DATE]),
    (6, 'Music Recital', 36, ARRAY['2023-11-11'::DATE, '2023-11-12'::DATE, '2023-11-13'::DATE, '2023-11-14'::DATE, '2023-11-15'::DATE, '2023-11-16'::DATE]),
    (7, 'Parent-Teacher Conference', 17, ARRAY['2023-11-17'::DATE]),
    (8, 'Book Fair', 10, ARRAY['2023-11-18'::DATE, '2023-11-19'::DATE, '2023-11-20'::DATE]),
    (9, 'History Quiz Bowl', 12, ARRAY['2023-11-21'::DATE, '2023-11-22'::DATE, '2023-11-23'::DATE, '2023-11-24'::DATE, '2023-11-25'::DATE, '2023-11-26'::DATE, '2023-11-27'::DATE]),
    (10, 'Science Club Meeting', 8, ARRAY['2023-11-28'::DATE]),
    (11, 'School Play', 5, ARRAY['2023-11-29'::DATE, '2023-11-30'::DATE]),
    (12, 'Spelling Bee', 29, ARRAY['2023-12-01'::DATE, '2023-12-02'::DATE]),
    (13, 'Career Day', 41, ARRAY['2023-12-03'::DATE, '2023-12-04'::DATE, '2023-12-05'::DATE, '2023-12-06'::DATE, '2023-12-07'::DATE, '2023-12-08'::DATE, '2023-12-09'::DATE]),
    (14, 'Field Trip', 19, ARRAY['2023-12-10'::DATE, '2023-12-11'::DATE, '2023-12-12'::DATE, '2023-12-13'::DATE]),
    (15, 'Science Exhibition', 2, ARRAY['2023-12-14'::DATE]),
    (16, 'PTA Meeting', 33, ARRAY['2023-12-15'::DATE, '2023-12-16'::DATE, '2023-12-17'::DATE]),
    (17, 'Robotics Competition', 21, ARRAY['2023-12-18'::DATE, '2023-12-19'::DATE, '2023-12-20'::DATE]),
    (18, 'History Club Meeting', 14, ARRAY['2023-12-21'::DATE, '2023-12-22'::DATE, '2023-12-23'::DATE]),
    (19, 'Art Workshop', 38, ARRAY['2023-12-24'::DATE, '2023-12-25'::DATE, '2023-12-26'::DATE, '2023-12-27'::DATE]),
    (20, 'Math Club Meeting', 3, ARRAY['2023-12-28'::DATE]),
    (21, 'Parent Workshop', 24, ARRAY['2023-12-29'::DATE, '2023-12-30'::DATE]),
    (22, 'School Assembly', 40, ARRAY['2024-01-01'::DATE]),
    (23, 'Chess Tournament', 23, ARRAY['2024-01-02'::DATE, '2024-01-03'::DATE, '2024-01-04'::DATE, '2024-01-05'::DATE, '2024-01-06'::DATE]),
    (24, 'Drama Club Rehearsal', 22, ARRAY['2024-01-07'::DATE, '2024-01-08'::DATE]),
    (25, 'Math Competition', 15, ARRAY['2024-01-09'::DATE, '2024-01-10'::DATE, '2024-01-11'::DATE]),
    (26, 'Music Concert', 28, ARRAY['2024-01-12'::DATE, '2024-01-13'::DATE, '2024-01-14'::DATE]),
    (27, 'Spelling Challenge', 6, ARRAY['2024-01-15'::DATE, '2024-01-16'::DATE]),
    (28, 'Field Day', 20, ARRAY['2024-01-17'::DATE, '2024-01-18'::DATE]),
    (29, 'Science Symposium', 35, ARRAY['2024-01-19'::DATE]),
    (30, 'History Exhibition', 11, ARRAY['2024-01-20'::DATE, '2024-01-21'::DATE, '2024-01-22'::DATE]),
    (31, 'Art Club Meeting', 13, ARRAY['2024-01-23'::DATE]),
    (32, 'Parent-Teacher Association', 7, ARRAY['2024-01-24'::DATE, '2024-01-25'::DATE]),
    (33, 'Science Fair', 37, ARRAY['2024-01-26'::DATE, '2024-01-27'::DATE, '2024-01-28'::DATE]),
    (34, 'Math Olympiad', 27, ARRAY['2024-01-29'::DATE, '2024-01-30'::DATE]),
    (35, 'Art Exhibition', 26, ARRAY['2024-02-01'::DATE]),
    (36, 'Sports Day', 34, ARRAY['2024-02-02'::DATE, '2024-02-03'::DATE, '2024-02-04'::DATE]);

INSERT INTO "enrollment" ("id", "event_id", "user_id", "role_id", "is_enrolled") VALUES
    (1, 1, 1, 1, TRUE),
    (2, 2, 2, 2, TRUE),
    (3, 3, 3, 3, TRUE),
    (4, 4, 4, 4, FALSE),
    (5, 5, 5, 5, TRUE),
    (6, 6, 6, 6, FALSE),
    (7, 7, 7, 7, TRUE),
    (8, 8, 8, 8, TRUE),
    (9, 9, 9, 9, FALSE),
    (10, 10, 10, 10, TRUE),
    (11, 11, 1, 1, TRUE),
    (12, 12, 2, 2, FALSE),
    (13, 13, 3, 3, TRUE),
    (14, 14, 4, 4, TRUE),
    (15, 15, 5, 5, TRUE),
    (16, 16, 6, 6, FALSE),
    (17, 17, 7, 7, TRUE),
    (18, 18, 8, 8, TRUE),
    (19, 19, 9, 9, TRUE),
    (20, 20, 10, 10, FALSE),
    (21, 21, 11, 1, TRUE),
    (22, 22, 12, 2, FALSE),
    (23, 23, 13, 3, TRUE),
    (24, 24, 14, 4, TRUE),
    (25, 25, 15, 5, TRUE),
    (26, 26, 16, 6, FALSE),
    (27, 27, 17, 7, TRUE),
    (28, 28, 18, 8, TRUE),
    (29, 29, 19, 9, TRUE),
    (30, 30, 20, 10, FALSE),
    (31, 31, 21, 1, TRUE),
    (32, 32, 22, 2, FALSE),
    (33, 33, 23, 3, TRUE),
    (34, 34, 24, 4, TRUE),
    (35, 35, 25, 5, TRUE),
    (36, 36, 26, 6, FALSE),
    (37, 7, 27, 7, TRUE),
    (38, 3, 28, 8, TRUE),
    (39, 9, 29, 9, TRUE),
    (40, 4, 30, 10, FALSE),
    (41, 1, 31, 1, TRUE),
    (42, 2, 32, 2, FALSE),
    (43, 8, 33, 3, TRUE),
    (44, 4, 34, 4, TRUE),
    (45, 21, 35, 5, TRUE),
    (46, 4, 36, 6, FALSE),
    (47, 7, 7, 7, TRUE),
    (48, 8, 3, 8, TRUE),
    (49, 9, 9, 9, TRUE),
    (50, 5, 4, 10, FALSE),
    (51, 8, 10, 5, TRUE),
    (52, 4, 19, 2, TRUE),
    (53, 12, 7, 9, TRUE),
    (54, 19, 8, 8, FALSE),
    (55, 2, 14, 3, TRUE),
    (56, 11, 12, 10, FALSE),
    (57, 6, 9, 4, TRUE),
    (58, 13, 2, 6, FALSE),
    (59, 7, 15, 7, TRUE),
    (60, 5, 16, 1, FALSE),
    (61, 1, 20, 5, TRUE),
    (62, 3, 13, 9, FALSE),
    (63, 14, 3, 2, TRUE),
    (64, 10, 17, 8, TRUE),
    (65, 16, 11, 4, TRUE),
    (66, 9, 6, 6, FALSE),
    (67, 15, 1, 7, TRUE),
    (68, 18, 5, 10, TRUE),
    (69, 17, 4, 3, TRUE),
    (70, 20, 18, 1, FALSE),
    (71, 2, 8, 5, TRUE),
    (72, 8, 2, 2, FALSE),
    (73, 1, 6, 3, TRUE),
    (74, 3, 5, 7, TRUE),
    (75, 7, 9, 9, TRUE),
    (76, 12, 14, 10, FALSE),
    (77, 6, 16, 6, TRUE),
    (78, 4, 15, 4, TRUE),
    (79, 14, 10, 8, TRUE),
    (80, 5, 1, 1, FALSE),
    (81, 9, 3, 5, TRUE),
    (82, 20, 18, 9, FALSE),
    (83, 19, 11, 7, TRUE),
    (84, 10, 17, 3, TRUE),
    (85, 11, 7, 2, TRUE),
    (86, 2, 12, 6, FALSE),
    (87, 13, 4, 10, TRUE),
    (88, 16, 19, 4, TRUE),
    (89, 15, 8, 8, TRUE),
    (90, 18, 1, 1, FALSE),
    (91, 7, 5, 9, TRUE),
    (92, 6, 2, 3, TRUE),
    (93, 4, 9, 5, TRUE),
    (94, 12, 14, 7, FALSE),
    (95, 19, 16, 10, TRUE),
    (96, 3, 15, 8, TRUE),
    (97, 8, 10, 6, TRUE),
    (98, 1, 6, 4, FALSE),
    (99, 5, 13, 2, TRUE),
    (100, 16, 20, 1, TRUE);

INSERT INTO "attendance" ("id", "event_id", "user_id", "attendance_value_id", "date") VALUES
    (1, 6, 2, 5, '2023-01-05'),
    (2, 13, 9, 3, '2023-01-06'),
    (3, 20, 20, 2, '2023-01-07'),
    (4, 4, 14, 6, '2023-01-08'),
    (5, 11, 12, 1, '2023-01-09'),
    (6, 16, 1, 8, '2023-01-10'),
    (7, 5, 11, 7, '2023-01-11'),
    (8, 10, 19, 4, '2023-01-12'),
    (9, 2, 3, 10, '2023-01-13'),
    (10, 17, 18, 9, '2023-01-14'),
    (11, 9, 8, 6, '2023-01-15'),
    (12, 14, 7, 1, '2023-01-16'),
    (13, 7, 6, 2, '2023-01-17'),
    (14, 12, 5, 5, '2023-01-18'),
    (15, 19, 4, 4, '2023-01-19'),
    (16, 8, 15, 10, '2023-01-20'),
    (17, 3, 17, 8, '2023-01-21'),
    (18, 1, 10, 7, '2023-01-22'),
    (19, 18, 13, 3, '2023-01-23'),
    (20, 15, 16, 9, '2023-01-24'),
    (21, 11, 8, 5, '2023-01-25'),
    (22, 5, 1, 8, '2023-01-26'),
    (23, 19, 7, 4, '2023-01-27'),
    (24, 9, 16, 10, '2023-01-28'),
    (25, 20, 4, 6, '2023-01-29'),
    (26, 6, 18, 3, '2023-01-30'),
    (27, 2, 9, 7, '2023-01-31'),
    (28, 8, 14, 2, '2023-02-01'),
    (29, 1, 12, 1, '2023-02-02'),
    (30, 3, 20, 10, '2023-02-03'),
    (31, 7, 2, 5, '2023-02-04'),
    (32, 10, 15, 6, '2023-02-05'),
    (33, 14, 11, 9, '2023-02-06'),
    (34, 18, 19, 4, '2023-02-07'),
    (35, 13, 10, 8, '2023-02-08'),
    (36, 16, 3, 7, '2023-02-09'),
    (37, 12, 6, 2, '2023-02-10'),
    (38, 4, 5, 1, '2023-02-11'),
    (39, 17, 1, 3, '2023-02-12'),
    (40, 15, 7, 6, '2023-02-13'),
    (41, 9, 8, 5, '2023-02-14'),
    (42, 6, 19, 7, '2023-02-15'),
    (43, 2, 4, 10, '2023-02-16'),
    (44, 11, 16, 1, '2023-02-17'),
    (45, 20, 13, 9, '2023-02-18'),
    (46, 1, 12, 8, '2023-02-19'),
    (47, 8, 10, 6, '2023-02-20'),
    (48, 4, 2, 4, '2023-02-21'),
    (49, 19, 18, 2, '2023-02-22'),
    (50, 17, 14, 3, '2023-02-23'),
    (51, 5, 15, 1, '2023-02-24'),
    (52, 10, 8, 10, '2023-02-25'),
    (53, 2, 1, 7, '2023-02-26'),
    (54, 12, 7, 5, '2023-02-27'),
    (55, 16, 6, 8, '2023-02-28'),
    (56, 7, 5, 9, '2023-03-01'),
    (57, 14, 3, 4, '2023-03-02'),
    (58, 15, 9, 2, '2023-03-03'),
    (59, 18, 11, 10, '2023-03-04'),
    (60, 3, 20, 6, '2023-03-05'),
    (61, 13, 16, 3, '2023-03-06'),
    (62, 6, 1, 5, '2023-03-07'),
    (63, 7, 8, 1, '2023-03-08'),
    (64, 12, 10, 9, '2023-03-09'),
    (65, 16, 7, 7, '2023-03-10'),
    (66, 18, 13, 4, '2023-03-11'),
    (67, 10, 15, 8, '2023-03-12'),
    (68, 5, 2, 2, '2023-03-13'),
    (69, 19, 4, 10, '2023-03-14'),
    (70, 1, 14, 6, '2023-03-15'),
    (71, 8, 11, 9, '2023-03-16'),
    (72, 9, 3, 1, '2023-03-17'),
    (73, 20, 12, 3, '2023-03-18'),
    (74, 11, 16, 5, '2023-03-19'),
    (75, 2, 19, 4, '2023-03-20'),
    (76, 4, 18, 8, '2023-03-21'),
    (77, 3, 5, 10, '2023-03-22'),
    (78, 15, 17, 7, '2023-03-23'),
    (79, 14, 6, 6, '2023-03-24'),
    (80, 1, 8, 2, '2023-03-25'),
    (81, 10, 2, 9, '2023-03-26'),
    (82, 9, 7, 3, '2023-03-27'),
    (83, 6, 4, 5, '2023-03-28'),
    (84, 8, 10, 1, '2023-03-29'),
    (85, 17, 13, 6, '2023-03-30'),
    (86, 11, 1, 10, '2023-03-31'),
    (87, 12, 3, 4, '2023-04-01'),
    (88, 7, 12, 8, '2023-04-02'),
    (89, 4, 5, 7, '2023-04-03'),
    (90, 2, 16, 9, '2023-04-04'),
    (91, 13, 8, 2, '2023-04-05'),
    (92, 20, 19, 3, '2023-04-06'),
    (93, 18, 14, 5, '2023-04-07'),
    (94, 15, 9, 10, '2023-04-08'),
    (95, 16, 11, 6, '2023-04-09'),
    (96, 19, 6, 8, '2023-04-10'),
    (97, 1, 7, 1, '2023-04-11'),
    (98, 3, 4, 4, '2023-04-12'),
    (99, 5, 15, 2, '2023-04-13'),
    (100, 14, 2, 7, '2023-04-14');
